<?xml version="1.0" encoding="UTF-8"?>
<project-private xmlns="http://www.netbeans.org/ns/project-private/1">
    <editor-bookmarks xmlns="http://www.netbeans.org/ns/editor-bookmarks/2" lastBookmarkId="0"/>
    <open-files xmlns="http://www.netbeans.org/ns/projectui-open-files/2">
        <group>
            <file>file:/C:/Users/Lena/Documents/NetBeansProjects/ass3b/src/other/BackToHmMenu.java</file>
            <file>file:/C:/Users/Lena/Documents/NetBeansProjects/ass3b/src/hmMenuOptions/Create.java</file>
            <file>file:/C:/Users/Lena/Documents/NetBeansProjects/ass3b/src/menus/HmSubMenuDelete.java</file>
            <file>file:/C:/Users/Lena/Documents/NetBeansProjects/ass3b/src/hmDao/UpdateDao.java</file>
            <file>file:/C:/Users/Lena/Documents/NetBeansProjects/ass3b/src/hmDao/ViewDao.java</file>
            <file>file:/C:/Users/Lena/Documents/NetBeansProjects/ass3b/src/hmDao/CreateDao.java</file>
            <file>file:/C:/Users/Lena/Documents/NetBeansProjects/ass3b/src/hmMenuOptions/Update.java</file>
            <file>file:/C:/Users/Lena/Documents/NetBeansProjects/ass3b/src/hmDao/DeleteDao.java</file>
            <file>file:/C:/Users/Lena/Documents/NetBeansProjects/ass3b/src/hmMenuOptions/View.java</file>
            <file>file:/C:/Users/Lena/Documents/NetBeansProjects/ass3b/src/hmMenuOptions/Delete.java</file>
        </group>
    </open-files>
</project-private>
